ID	URL	Type	Label
1498022438398877704	https://twitter.com/manuela_carloni/status/1498022438398877704	tweet	1
1498003150414008322	https://twitter.com/Silvano05230100/status/1498003150414008322	tweet	2
1497887473862467584	https://twitter.com/barbarameletto/status/1497887473862467584	tweet	2
1497838543619645441	https://twitter.com/_dani_ta_6/status/1497838543619645441	tweet	2
1497639979534667783	https://twitter.com/GabrieleGranato/status/1497639979534667783	tweet	2
1497624763396546561	https://twitter.com/nonleggerlo/status/1497624763396546561	tweet	1
1497614216827711495	https://twitter.com/CorriereUmbria/status/1497614216827711495	tweet	3
1497599806201647105	https://twitter.com/sulsitodisimone/status/1497599806201647105	tweet	1
1497598337570074626	https://twitter.com/fisco24_info/status/1497598337570074626	tweet	1
1497555006286872584	https://twitter.com/qgiovi/status/1497555006286872584	tweet	2
1497521878319042560	https://twitter.com/michael_goldmrk/status/1497521878319042560	tweet	2
1497493024695152645	https://twitter.com/ilSicilia/status/1497493024695152645	tweet	3
1497491399620636678	https://twitter.com/oggitreviso/status/1497491399620636678	tweet	2
1497469243062771717	https://twitter.com/fisco24_info/status/1497469243062771717	tweet	3
1497225578528784396	https://twitter.com/blogsicilia/status/1497225578528784396	tweet	0
1496958201270616073	https://twitter.com/gmorsello_/status/1496958201270616073	tweet	3
1496883123354804225	https://twitter.com/OliviaBucca/status/1496883123354804225	tweet	1
1496839348016201729	https://twitter.com/quotidianodirg/status/1496839348016201729	tweet	1
1496810148177670148	https://twitter.com/SecolodItalia1/status/1496810148177670148	tweet	2
1496781589338066945	https://twitter.com/quotidianodirg/status/1496781589338066945	tweet	2
1496772412897067014	https://twitter.com/lettera_mosca/status/1496772412897067014	tweet	1
1496749412697227264	https://twitter.com/MisterRockin/status/1496749412697227264	tweet	2
1509159553874731009	https://twitter.com/ziggymagenta_d/status/1509159553874731009	tweet	1
1508472943663357963	https://twitter.com/DavidPuente/status/1508472943663357963	tweet	2
1508447167907831808	https://twitter.com/CorriereUmbria/status/1508447167907831808	tweet	2
1508405429587652608	https://twitter.com/robertam67/status/1508405429587652608	tweet	1
1508394102269820930	https://twitter.com/IV_NOR_/status/1508394102269820930	tweet	1
1508352213243994113	https://twitter.com/fisco24_info/status/1508352213243994113	tweet	1
1508138032335106050	https://twitter.com/EAlessandrucci/status/1508138032335106050	tweet	1
1508068683192614918	https://twitter.com/ClaudioCapora10/status/1508068683192614918	tweet	0
1508021272386543618	https://twitter.com/zazoomblog/status/1508021272386543618	tweet	1
1507409939911909378	https://twitter.com/CorriereUmbria/status/1507409939911909378	tweet	2
1507356664495812616	https://twitter.com/GameXperienceIT/status/1507356664495812616	tweet	0
1507336212922748933	https://twitter.com/Vittori70151861/status/1507336212922748933	tweet	1
1507304488134139915	https://twitter.com/romait_it/status/1507304488134139915	tweet	1
1506939811487264769	https://twitter.com/cinziaspoletini/status/1506939811487264769	tweet	0
1506713363535089675	https://twitter.com/francybonghi/status/1506713363535089675	tweet	1
1506557865288519680	https://twitter.com/lisadagliocchib/status/1506557865288519680	tweet	3
1506553156649594884	https://twitter.com/IariTwitt/status/1506553156649594884	tweet	2
1506184921517215746	https://twitter.com/fisco24_info/status/1506184921517215746	tweet	1
1506172828105666562	https://twitter.com/lisadagliocchib/status/1506172828105666562	tweet	2
1505812682599026689	https://twitter.com/DisobbedireOra/status/1505812682599026689	tweet	1
1505687269440917508	https://twitter.com/FilomenaGallo55/status/1505687269440917508	tweet	1
1505649424646737926	https://twitter.com/Beppeley/status/1505649424646737926	tweet	3
1505636511307513857	https://twitter.com/yaeimik/status/1505636511307513857	tweet	2
1505256177973665792	https://twitter.com/fisco24_info/status/1505256177973665792	tweet	2
1505153795755499520	https://twitter.com/galatacla/status/1505153795755499520	tweet	1
1505082293119033345	https://twitter.com/MarcelloMoscat9/status/1505082293119033345	tweet	0
1505079400802533376	https://twitter.com/PandoAnto/status/1505079400802533376	tweet	0
1504747575957549060	https://twitter.com/fisco24_info/status/1504747575957549060	tweet	2
1504699137983496221	https://twitter.com/CasaLettori/status/1504699137983496221	tweet	2
1504550237280550912	https://twitter.com/FrancoScarsell2/status/1504550237280550912	tweet	3
1504542182497206275	https://twitter.com/leonemaschio/status/1504542182497206275	tweet	1
1504245870556069897	https://twitter.com/Anonynewsitaly/status/1504245870556069897	tweet	1
1504081128071831563	https://twitter.com/paolinab/status/1504081128071831563	tweet	3
1503430388697513988	https://twitter.com/IrenaDosso/status/1503430388697513988	tweet	2
1503230055404777483	https://twitter.com/angela_aniello/status/1503230055404777483	tweet	2
1503064361497096193	https://twitter.com/fisco24_info/status/1503064361497096193	tweet	2
1502987856041558016	https://twitter.com/fisco24_info/status/1502987856041558016	tweet	1
1502986415767965699	https://twitter.com/sulsitodisimone/status/1502986415767965699	tweet	2
1506552190743236623	https://twitter.com/AntonellaColoru/status/1506552190743236623	tweet	1
1503133485653016579	https://twitter.com/claudiomontar/status/1503133485653016579	tweet	2
1502960389100818436	https://twitter.com/DianaLanciotti/status/1502960389100818436	tweet	1
1502930311956643843	https://twitter.com/gugudwt/status/1502930311956643843	tweet	1
1498011846669963275	https://twitter.com/paolobonotorino/status/1498011846669963275	tweet	1
1497994294430507010	https://twitter.com/Armada69895228/status/1497994294430507010	tweet	0
1497875947013431300	https://twitter.com/MerloRosario/status/1497875947013431300	tweet	0
1497857498547695624	https://twitter.com/Lamda04174428/status/1497857498547695624	tweet	1
1497657779867238401	https://twitter.com/MerloRosario/status/1497657779867238401	tweet	0
1497598492684046339	https://twitter.com/MerloRosario/status/1497598492684046339	tweet	1
1497569926281900032	https://twitter.com/Agenparl/status/1497569926281900032	tweet	2
1497545109017174017	https://twitter.com/MerloRosario/status/1497545109017174017	tweet	0
1497531527332302850	https://twitter.com/MerloRosario/status/1497531527332302850	tweet	0
1497346759609171971	https://twitter.com/MerloRosario/status/1497346759609171971	tweet	1
1497276156378157057	https://twitter.com/Gabriel23322863/status/1497276156378157057	tweet	0
1497244303025917957	https://twitter.com/Destradipopolo/status/1497244303025917957	tweet	0
1497095553813032961	https://twitter.com/lorimilano/status/1497095553813032961	tweet	0
1496860852607148042	https://twitter.com/Destradipopolo/status/1496860852607148042	tweet	2
1496822971935117314	https://twitter.com/bildarte/status/1496822971935117314	tweet	0
1496798473672265729	https://twitter.com/maelmale/status/1496798473672265729	tweet	0
1496783366959554561	https://twitter.com/paolabocci/status/1496783366959554561	tweet	3
1496748236278833156	https://twitter.com/mariacastiell48/status/1496748236278833156	tweet	0
1509191067895271427	https://twitter.com/Damianodanny1/status/1509191067895271427	tweet	0
1508677775779147778	https://twitter.com/GiuseppeMagnif1/status/1508677775779147778	tweet	0
1508573559429423107	https://twitter.com/denti_emanuele/status/1508573559429423107	tweet	0
1508329505114447876	https://twitter.com/Destradipopolo/status/1508329505114447876	tweet	0
1507977654347182082	https://twitter.com/lucazamm/status/1507977654347182082	tweet	3
1507637327379808262	https://twitter.com/FrancescoRoti/status/1507637327379808262	tweet	2
1506895221061308418	https://twitter.com/DelmonteRinaldo/status/1506895221061308418	tweet	0
1505611760560181249	https://twitter.com/SperanzaNada/status/1505611760560181249	tweet	0
1505547976093093900	https://twitter.com/francesco088661/status/1505547976093093900	tweet	0
1505174890449580033	https://twitter.com/cmdotcom/status/1505174890449580033	tweet	3
1504723547226267653	https://twitter.com/CMarziane/status/1504723547226267653	tweet	0
1504331537222971392	https://twitter.com/DaniloMapelli/status/1504331537222971392	tweet	0
1504179922746630144	https://twitter.com/sandroraffini/status/1504179922746630144	tweet	2
1503002844324052997	https://twitter.com/ilrappresentant/status/1503002844324052997	tweet	1
1502168234602086403	https://twitter.com/Ferrari_Inviato/status/1502168234602086403	tweet	2
1501984568718639108	https://twitter.com/GazzettaDelSud/status/1501984568718639108	tweet	2
1501937886337241102	https://twitter.com/DelmonteRinaldo/status/1501937886337241102	tweet	1
1501897067182047241	https://twitter.com/Rettore_/status/1501897067182047241	tweet	2
1500785523161546753	https://twitter.com/rosadineve/status/1500785523161546753	tweet	2
1500562829715419143	https://twitter.com/DelmonteRinaldo/status/1500562829715419143	tweet	0
1500130626460164100	https://twitter.com/MerloRosario/status/1500130626460164100	tweet	0
1499985746387779585	https://twitter.com/MerloRosario/status/1499985746387779585	tweet	0
1499820799162830863	https://twitter.com/teatripiacenza/status/1499820799162830863	tweet	3
1499715833903431681	https://twitter.com/Stocca64/status/1499715833903431681	tweet	2
1499629202965995520	https://twitter.com/lup0solitari0/status/1499629202965995520	tweet	1
1499483947658625027	https://twitter.com/Armada69895228/status/1499483947658625027	tweet	0
1499344040436903937	https://twitter.com/Alfonso66869916/status/1499344040436903937	tweet	1
1499335795819388929	https://twitter.com/actarus1070/status/1499335795819388929	tweet	1
1499319284459319304	https://twitter.com/Armada69895228/status/1499319284459319304	tweet	0
1499133723631132672	https://twitter.com/Corrado_info/status/1499133723631132672	tweet	0
1498915874576777217	https://twitter.com/ruggierofilann4/status/1498915874576777217	tweet	2
1498712543677890560	https://twitter.com/mrmnft/status/1498712543677890560	tweet	0
1498618926741303300	https://twitter.com/MerloRosario/status/1498618926741303300	tweet	0
1498574832866365440	https://twitter.com/RacheleRossa/status/1498574832866365440	tweet	2
1498532512645394433	https://twitter.com/michele_geraci/status/1498532512645394433	tweet	1
1498524759851769857	https://twitter.com/TARTARUGHELIBE4/status/1498524759851769857	tweet	0
1509251376139759618	https://twitter.com/CiaoKarol/status/1509251376139759618	tweet	1
1509244897919918091	https://twitter.com/TV2000it/status/1509244897919918091	tweet	2
1509233627749564429	https://twitter.com/ilgiornale/status/1509233627749564429	tweet	3
1509219847183417347	https://twitter.com/QdSit/status/1509219847183417347	tweet	2
1509203070995124243	https://twitter.com/PolScorr/status/1509203070995124243	tweet	3
1509202959359524881	https://twitter.com/antonio_bordin/status/1509202959359524881	tweet	2
1509198531122409476	https://twitter.com/GiancarloDeRisi/status/1509198531122409476	tweet	1
1509195686327341062	https://twitter.com/Agenzia_Ansa/status/1509195686327341062	tweet	3
1509138602080542728	https://twitter.com/Sal_MinDiritto/status/1509138602080542728	tweet	3
1509123286931689472	https://twitter.com/fisco24_info/status/1509123286931689472	tweet	2
1509122989635297282	https://twitter.com/ACPerugiaCalcio/status/1509122989635297282	tweet	2
1509105173808902146	https://twitter.com/sportli26181512/status/1509105173808902146	tweet	2
1509103509366575108	https://twitter.com/CalcioFinanza/status/1509103509366575108	tweet	2
1509085170695131140	https://twitter.com/tempoweb/status/1509085170695131140	tweet	2
1508913841496891396	https://twitter.com/Nada13Speranza/status/1508913841496891396	tweet	1
1508826047189561357	https://twitter.com/mptuitter/status/1508826047189561357	tweet	1
1508802391797383172	https://twitter.com/SettenewsWeb/status/1508802391797383172	tweet	2
1508793288823816192	https://twitter.com/corte_dc/status/1508793288823816192	tweet	1
1508792002778968076	https://twitter.com/comunicazionemm/status/1508792002778968076	tweet	3
1508776012565430273	https://twitter.com/waltergianno/status/1508776012565430273	tweet	2
1508774809945137156	https://twitter.com/angelo_falanga/status/1508774809945137156	tweet	1
1508714893066784773	https://twitter.com/waltergianno/status/1508714893066784773	tweet	3
1508713385868898309	https://twitter.com/PolScorr/status/1508713385868898309	tweet	3
1508698363276976134	https://twitter.com/UniTrieste/status/1508698363276976134	tweet	3
1508684296902656003	https://twitter.com/TV2000it/status/1508684296902656003	tweet	3
1508556506702266379	https://twitter.com/phil_rab/status/1508556506702266379	tweet	2
1508479842316079107	https://twitter.com/ZappingRadio1/status/1508479842316079107	tweet	1
1508396461280661511	https://twitter.com/tg2rai/status/1508396461280661511	tweet	1
1508150123683065859	https://twitter.com/tg2rai/status/1508150123683065859	tweet	3
1508149696430235656	https://twitter.com/tg2rai/status/1508149696430235656	tweet	3
1508147387830870019	https://twitter.com/guiodic/status/1508147387830870019	tweet	0
1508112353157697542	https://twitter.com/Raff_per_voi/status/1508112353157697542	tweet	2
1508060516668821508	https://twitter.com/UniLUMSA/status/1508060516668821508	tweet	3
1508037809671708680	https://twitter.com/reportdifesa/status/1508037809671708680	tweet	3
1507767795534151681	https://twitter.com/ScuolaSantAnna/status/1507767795534151681	tweet	2
1507731835505328130	https://twitter.com/RescueMedNa/status/1507731835505328130	tweet	3
1507705144821137408	https://twitter.com/Weekly_it/status/1507705144821137408	tweet	2
1507495727315959809	https://twitter.com/Jafferau67/status/1507495727315959809	tweet	2
1507447410468999174	https://twitter.com/guglielmopicchi/status/1507447410468999174	tweet	1
1507365172603727911	https://twitter.com/santangelo_s/status/1507365172603727911	tweet	2
1507362460008951812	https://twitter.com/RI_Roma_/status/1507362460008951812	tweet	3
1507339296096899109	https://twitter.com/ScrivoLibero/status/1507339296096899109	tweet	3
1507328160945393681	https://twitter.com/rassegnally/status/1507328160945393681	tweet	2
1507068944691126282	https://twitter.com/valy_s/status/1507068944691126282	tweet	1
1507055839382753280	https://twitter.com/madforfree/status/1507055839382753280	tweet	2
1507026080259059716	https://twitter.com/massimo_boscia/status/1507026080259059716	tweet	3
1507013223916081161	https://twitter.com/Ilikepuglia/status/1507013223916081161	tweet	3
1506954723865341954	https://twitter.com/MonikaPompeo/status/1506954723865341954	tweet	2
1506935554587377668	https://twitter.com/HenryBrubaker2/status/1506935554587377668	tweet	1
1506929321251909634	https://twitter.com/pazzoperrep/status/1506929321251909634	tweet	0
1506917801205841929	https://twitter.com/PLInst_Roma/status/1506917801205841929	tweet	3
1506644624252846082	https://twitter.com/WebsimInfo/status/1506644624252846082	tweet	2
1506601482967207938	https://twitter.com/tg2rai/status/1506601482967207938	tweet	3
1506225682229174277	https://twitter.com/francescagraz1/status/1506225682229174277	tweet	1
1506184030596878337	https://twitter.com/inPrimisNotizie/status/1506184030596878337	tweet	2
1506151954296279045	https://twitter.com/RSInews/status/1506151954296279045	tweet	2
1506042363977867265	https://twitter.com/TV2000it/status/1506042363977867265	tweet	2
1506028833715200009	https://twitter.com/Predato74151882/status/1506028833715200009	tweet	1
1505872749037764610	https://twitter.com/Farefuturo1/status/1505872749037764610	tweet	2
1505868055099887622	https://twitter.com/ICCItaly/status/1505868055099887622	tweet	3
1505820953456033794	https://twitter.com/SimoneGeti/status/1505820953456033794	tweet	2
1505807254020370433	https://twitter.com/competereEU/status/1505807254020370433	tweet	3
1505640476963229696	https://twitter.com/damy85twit/status/1505640476963229696	tweet	1
1505636499404034055	https://twitter.com/MaxFrascino/status/1505636499404034055	tweet	1
1505596530773745668	https://twitter.com/scarpdetenis/status/1505596530773745668	tweet	2
1505495854492356608	https://twitter.com/rosariovalastro/status/1505495854492356608	tweet	2
1505495615748386816	https://twitter.com/Montecitorio/status/1505495615748386816	tweet	3
1505483248104787968	https://twitter.com/PolScorr/status/1505483248104787968	tweet	2
1505453210185707522	https://twitter.com/PolScorr/status/1505453210185707522	tweet	1
1505419287342768130	https://twitter.com/mazzeoantonio/status/1505419287342768130	tweet	3
1505311887151579136	https://twitter.com/AlephLesath/status/1505311887151579136	tweet	0
1505266595253391361	https://twitter.com/rinogaetanoband/status/1505266595253391361	tweet	3
1505237425991426054	https://twitter.com/Pa_Re81/status/1505237425991426054	tweet	1
1505232407540252678	https://twitter.com/AngeloSantoro/status/1505232407540252678	tweet	2
1505148618386386949	https://twitter.com/Pippoo89/status/1505148618386386949	tweet	0
1505092488322813952	https://twitter.com/iostoconCRISTO/status/1505092488322813952	tweet	0
1504893638727372803	https://twitter.com/HerberMax/status/1504893638727372803	tweet	2
1504850502344916997	https://twitter.com/gariwo_onlus/status/1504850502344916997	tweet	2
1504841665604894727	https://twitter.com/ilfoglio_it/status/1504841665604894727	tweet	2
1504841343100719104	https://twitter.com/EuroHistoria/status/1504841343100719104	tweet	3
1504823068631388160	https://twitter.com/comune_segrate/status/1504823068631388160	tweet	3
1504767767463055360	https://twitter.com/amiocugino/status/1504767767463055360	tweet	1
1504750215563259904	https://twitter.com/culture_roma/status/1504750215563259904	tweet	3
1504717023653236741	https://twitter.com/fisco24_info/status/1504717023653236741	tweet	2
1504580170098921472	https://twitter.com/TrentinoRussia/status/1504580170098921472	tweet	2
1504538265008971782	https://twitter.com/tg2rai/status/1504538265008971782	tweet	3
1504507675358421003	https://twitter.com/thewatcherpost/status/1504507675358421003	tweet	3
1504453215101853700	https://twitter.com/TGTGTV2000/status/1504453215101853700	tweet	1
1504452775723384834	https://twitter.com/univUda/status/1504452775723384834	tweet	3
1504442710794592267	https://twitter.com/espressione24/status/1504442710794592267	tweet	3
1504419272608649216	https://twitter.com/8xmilleit/status/1504419272608649216	tweet	3
1504353703394148352	https://twitter.com/GuaraldoOlivia/status/1504353703394148352	tweet	2
1504226145029480457	https://twitter.com/miliziachristi/status/1504226145029480457	tweet	1
1504170057328439302	https://twitter.com/mercuri60654635/status/1504170057328439302	tweet	2
1504068718955053058	https://twitter.com/jopratix/status/1504068718955053058	tweet	0
1504041615664599040	https://twitter.com/Novamilanese/status/1504041615664599040	tweet	3
1503788304499712001	https://twitter.com/MarianoGiustino/status/1503788304499712001	tweet	2
1503727313212653568	https://twitter.com/cascinanotizie/status/1503727313212653568	tweet	2
1503696792860377089	https://twitter.com/Controc43312427/status/1503696792860377089	tweet	0
1503696710744387587	https://twitter.com/Radio3tweet/status/1503696710744387587	tweet	2
1503687828991000584	https://twitter.com/Geopoliticainfo/status/1503687828991000584	tweet	2
1509225059122044937	https://twitter.com/SAntonio10273/status/1509225059122044937	tweet	0
1509151609653276677	https://twitter.com/Pearl16647905/status/1509151609653276677	tweet	0
1508851591398543362	https://twitter.com/SperanzaNada/status/1508851591398543362	tweet	0
1508309219770052608	https://twitter.com/SperanzaNada/status/1508309219770052608	tweet	0
1506725741467258882	https://twitter.com/Destradipopolo/status/1506725741467258882	tweet	1
1504704969441787906	https://twitter.com/MauroRodoni/status/1504704969441787906	tweet	0
1504491935653842950	https://twitter.com/LucianoVerre/status/1504491935653842950	tweet	2
1504158354763096080	https://twitter.com/Destradipopolo/status/1504158354763096080	tweet	0
1504104632502607880	https://twitter.com/Destradipopolo/status/1504104632502607880	tweet	1
1509798239163273275	https://twitter.com/Saverio28351748/status/1509798239163273275	tweet	0
1508565707923075077	https://twitter.com/LPincia/status/1508565707923075077	tweet	2
1508144939452018707	https://twitter.com/CarloSchweigk15/status/1508144939452018707	tweet	0
1505998778435837964	https://twitter.com/Eposmail/status/1505998778435837964	tweet	1
1505647240907571205	https://twitter.com/_robyb_/status/1505647240907571205	tweet	3
1505562939020951556	https://twitter.com/OsservaMy/status/1505562939020951556	tweet	0
1505115272394723331	https://twitter.com/EghelFederico/status/1505115272394723331	tweet	0
1504617453938171904	https://twitter.com/jopratix/status/1504617453938171904	tweet	0
1504292329192103936	https://twitter.com/Stefano15067453/status/1504292329192103936	tweet	1
1501681287899271170	https://twitter.com/Glorius_Rome/status/1501681287899271170	tweet	0
1529947432141963266	https://twitter.com/TranslateWarIT/status/1529947432141963266	tweet	2
1529732949867995136	https://twitter.com/My_Salute/status/1529732949867995136	tweet	2
1526946528165826562	https://twitter.com/aldesiderio/status/1526946528165826562	tweet	2
1525118468982464514	https://twitter.com/angelo_falanga/status/1525118468982464514	tweet	1
1524498230310055936	https://twitter.com/Masssimilianoo/status/1524498230310055936	tweet	2
1542132198786142208	https://twitter.com/TranslateWarIT/status/1542132198786142208	tweet	2
1540677960268713985	https://twitter.com/TranslateWarIT/status/1540677960268713985	tweet	2
1540389860770447363	https://twitter.com/My_Salute/status/1540389860770447363	tweet	2
1536791496745164800	https://twitter.com/TranslateWarIT/status/1536791496745164800	tweet	0
1536656857279889409	https://twitter.com/Alfonso66869916/status/1536656857279889409	tweet	1
1535412839833387008	https://twitter.com/TranslateWarIT/status/1535412839833387008	tweet	1
1534917526064353280	https://twitter.com/VerdirameAndrea/status/1534917526064353280	tweet	0
1533728479858024448	https://twitter.com/Ecatetriformis/status/1533728479858024448	tweet	2
1532638938732679170	https://twitter.com/gironi_camilla/status/1532638938732679170	tweet	3
1532623518579687425	https://twitter.com/FrancoScarsell2/status/1532623518579687425	tweet	3
1532237844097421314	https://twitter.com/Nandocamtv/status/1532237844097421314	tweet	1
1549171520026677248	https://twitter.com/TranslateWarIT/status/1549171520026677248	tweet	1
1519018823801835520	https://twitter.com/MarcoFattorini/status/1519018823801835520	tweet	2
1518256593665728513	https://twitter.com/fbcerullo/status/1518256593665728513	tweet	1
1517911243125833734	https://twitter.com/lanf64/status/1517911243125833734	tweet	2
1516578150452547594	https://twitter.com/Betty36174919/status/1516578150452547594	tweet	1
1512055159723106306	https://twitter.com/RaggioLuceAct/status/1512055159723106306	tweet	0
1530921006235324417	https://twitter.com/RNicolick/status/1530921006235324417	tweet	2
1526109338787536896	https://twitter.com/MarcoFattorini/status/1526109338787536896	tweet	1
1523379492898721792	https://twitter.com/Simmy882/status/1523379492898721792	tweet	2
1522891458356858880	https://twitter.com/LorisNobili/status/1522891458356858880	tweet	1
1520022105085165568	https://twitter.com/tempoweb/status/1520022105085165568	tweet	2
1520006923856273408	https://twitter.com/MarcoFattorini/status/1520006923856273408	tweet	2
1519994739063500802	https://twitter.com/tg2rai/status/1519994739063500802	tweet	3
1519965884139417601	https://twitter.com/manifestolibri/status/1519965884139417601	tweet	1
1519963543428337667	https://twitter.com/riccardinouk/status/1519963543428337667	tweet	0
1519955108393627650	https://twitter.com/paoloangeloRF/status/1519955108393627650	tweet	2
1519761104578174977	https://twitter.com/BiribissiBlog/status/1519761104578174977	tweet	1
1519702931368558595	https://twitter.com/Alkemicalbro/status/1519702931368558595	tweet	2
1519630343279677440	https://twitter.com/ilgiornale/status/1519630343279677440	tweet	2
1519628170760175616	https://twitter.com/momentosera/status/1519628170760175616	tweet	3
1519626436004524034	https://twitter.com/waltergianno/status/1519626436004524034	tweet	2
1519625940699160576	https://twitter.com/blogsicilia/status/1519625940699160576	tweet	2
1519618100559294466	https://twitter.com/MediasetTgcom24/status/1519618100559294466	tweet	1
1519597365107343361	https://twitter.com/MediasetTgcom24/status/1519597365107343361	tweet	3
1519593778012729345	https://twitter.com/AuraZacchi/status/1519593778012729345	tweet	2
1519570604822867973	https://twitter.com/NeriPozza/status/1519570604822867973	tweet	2
1519570117000110080	https://twitter.com/RoccisanoF/status/1519570117000110080	tweet	2
1519352556530581505	https://twitter.com/FrancoScarsell2/status/1519352556530581505	tweet	1
1519291895544958979	https://twitter.com/Quirinale/status/1519291895544958979	tweet	3
1519248899336286210	https://twitter.com/govision_/status/1519248899336286210	tweet	2
1519236336045240320	https://twitter.com/d_r_a_z_i_l/status/1519236336045240320	tweet	0
1519236300272025600	https://twitter.com/freetopix/status/1519236300272025600	tweet	2
1519229877492277249	https://twitter.com/TV2000it/status/1519229877492277249	tweet	2
1519219370635018241	https://twitter.com/Betty36174919/status/1519219370635018241	tweet	1
1519212188661071874	https://twitter.com/sole24ore/status/1519212188661071874	tweet	3
1519201663193604097	https://twitter.com/CorriereUmbria/status/1519201663193604097	tweet	2
1519187606457704449	https://twitter.com/sole24ore/status/1519187606457704449	tweet	3
1519075370456293376	https://twitter.com/MediasetTgcom24/status/1519075370456293376	tweet	2
1519065905640226818	https://twitter.com/Cartabiancarai3/status/1519065905640226818	tweet	2
1519060328562241536	https://twitter.com/CremaschiG/status/1519060328562241536	tweet	1
1519050615283986433	https://twitter.com/Cartabiancarai3/status/1519050615283986433	tweet	2
1519013376298475522	https://twitter.com/liciniodimichel/status/1519013376298475522	tweet	0
1518977497702014979	https://twitter.com/rotre54/status/1518977497702014979	tweet	2
1518960475731550212	https://twitter.com/rotre54/status/1518960475731550212	tweet	0
1518906910002626561	https://twitter.com/tg2rai/status/1518906910002626561	tweet	3
1518901921884610561	https://twitter.com/momentosera/status/1518901921884610561	tweet	2
1518828761688465409	https://twitter.com/rassegnally/status/1518828761688465409	tweet	3
1518701907484680192	https://twitter.com/zazoomblog/status/1518701907484680192	tweet	2
1518680699473174533	https://twitter.com/giu33liana/status/1518680699473174533	tweet	1
1518643815262920707	https://twitter.com/GiancarloDeRisi/status/1518643815262920707	tweet	1
1518626279347662849	https://twitter.com/MariMa99473486/status/1518626279347662849	tweet	2
1518584388065234944	https://twitter.com/ZenatiDavide/status/1518584388065234944	tweet	2
1518575555674836994	https://twitter.com/PolScorr/status/1518575555674836994	tweet	2
1518321789927108612	https://twitter.com/Adry_Giro/status/1518321789927108612	tweet	1
1518277853598658560	https://twitter.com/GabryBab10/status/1518277853598658560	tweet	2
1518244336709910528	https://twitter.com/PolScorr/status/1518244336709910528	tweet	0
1518143792691527681	https://twitter.com/dtalia/status/1518143792691527681	tweet	2
1517898945657196545	https://twitter.com/FrancoScarsell2/status/1517898945657196545	tweet	3
1517851351425949696	https://twitter.com/Betty36174919/status/1517851351425949696	tweet	2
1517637548251750400	https://twitter.com/riotta/status/1517637548251750400	tweet	2
1517557867506802688	https://twitter.com/momentosera/status/1517557867506802688	tweet	2
1517540291993083904	https://twitter.com/waltergianno/status/1517540291993083904	tweet	2
1517506068989059074	https://twitter.com/waltergianno/status/1517506068989059074	tweet	2
1517500964747497472	https://twitter.com/SkyTG24/status/1517500964747497472	tweet	2
1517496249255182336	https://twitter.com/TitolareList/status/1517496249255182336	tweet	2
1517487208500019200	https://twitter.com/rulajebreal/status/1517487208500019200	tweet	2
1517443225736392705	https://twitter.com/eurobullwebzine/status/1517443225736392705	tweet	3
1517400672320299008	https://twitter.com/TV2000it/status/1517400672320299008	tweet	2
1517265833453625344	https://twitter.com/tint_adree/status/1517265833453625344	tweet	0
1517247557017157633	https://twitter.com/siamouominioca2/status/1517247557017157633	tweet	1
1517210378924703745	https://twitter.com/tg2rai/status/1517210378924703745	tweet	2
1517184396633251840	https://twitter.com/DCollaterali/status/1517184396633251840	tweet	0
1517114197963943936	https://twitter.com/momentosera/status/1517114197963943936	tweet	2
1517103520704606210	https://twitter.com/valy_s/status/1517103520704606210	tweet	1
1517038656250433537	https://twitter.com/TV2000it/status/1517038656250433537	tweet	2
1517010516656345088	https://twitter.com/zazoomblog/status/1517010516656345088	tweet	2
1516888675476508678	https://twitter.com/TitolareList/status/1516888675476508678	tweet	1
1516888519033163776	https://twitter.com/masechi/status/1516888519033163776	tweet	2
1516841969120854016	https://twitter.com/ilgiornale/status/1516841969120854016	tweet	1
1516817557809946633	https://twitter.com/waltergianno/status/1516817557809946633	tweet	2
1516814911711686664	https://twitter.com/SMannapoli/status/1516814911711686664	tweet	2
1516763070487531525	https://twitter.com/Alessan06518014/status/1516763070487531525	tweet	1
1516730948905222144	https://twitter.com/Italiantifa/status/1516730948905222144	tweet	2
1516728256418000904	https://twitter.com/waltergianno/status/1516728256418000904	tweet	2
1516665820105039874	https://twitter.com/CorriereUmbria/status/1516665820105039874	tweet	2
1516466505218674709	https://twitter.com/brandobenifei/status/1516466505218674709	tweet	3
1516455856090624006	https://twitter.com/ComVentotene/status/1516455856090624006	tweet	2
1516407370246668296	https://twitter.com/Giul_Granato/status/1516407370246668296	tweet	2
1516310631992942594	https://twitter.com/lanf64/status/1516310631992942594	tweet	2
1516297904847298560	https://twitter.com/rassegnally/status/1516297904847298560	tweet	2
1516119030444302344	https://twitter.com/PolScorr/status/1516119030444302344	tweet	1
1516119030444302344	https://twitter.com/PolScorr/status/1516119030444302344	tweet	1
1516035553933864966	https://twitter.com/valy_s/status/1516035553933864966	tweet	2
1515932448462417921	https://twitter.com/CorriereUmbria/status/1515932448462417921	tweet	1
1515794969021267982	https://twitter.com/MarioCircello/status/1515794969021267982	tweet	1
1515720850791673863	https://twitter.com/pennaeobiettivo/status/1515720850791673863	tweet	2
1515683983949975558	https://twitter.com/TitolareList/status/1515683983949975558	tweet	1
1515683891125829644	https://twitter.com/masechi/status/1515683891125829644	tweet	2
1515657229839618049	https://twitter.com/lanf64/status/1515657229839618049	tweet	2
1515611960511025156	https://twitter.com/FurioTogio/status/1515611960511025156	tweet	2
1515576623575224321	https://twitter.com/GiuseppeDimola6/status/1515576623575224321	tweet	0
1515234664394412032	https://twitter.com/trasterextremis/status/1515234664394412032	tweet	1
1515097890330488841	https://twitter.com/SabryLuMilano/status/1515097890330488841	tweet	1
1515053366597935105	https://twitter.com/zazoomblog/status/1515053366597935105	tweet	1
1515044261011537922	https://twitter.com/enniolorenzon/status/1515044261011537922	tweet	0
1514967149407780880	https://twitter.com/zerozeronewsIT/status/1514967149407780880	tweet	2
1514957636793683971	https://twitter.com/waltergianno/status/1514957636793683971	tweet	2
1514934769792032773	https://twitter.com/agostinopalazz1/status/1514934769792032773	tweet	0
1514692533774954500	https://twitter.com/Betty36174919/status/1514692533774954500	tweet	2
1514681124437508098	https://twitter.com/NicolaTenerelli/status/1514681124437508098	tweet	2
1514676063988822018	https://twitter.com/Nuanda_74/status/1514676063988822018	tweet	2
1514656562979221514	https://twitter.com/Borderline_24/status/1514656562979221514	tweet	2
1514651779987824642	https://twitter.com/OrtigiaP/status/1514651779987824642	tweet	2
1514585540531793924	https://twitter.com/waltergianno/status/1514585540531793924	tweet	1
1514531865021063171	https://twitter.com/waltergianno/status/1514531865021063171	tweet	2
1514494172249698308	https://twitter.com/CorriereUmbria/status/1514494172249698308	tweet	2
1514482338918543370	https://twitter.com/RosaBiancaBooks/status/1514482338918543370	tweet	2
1514363183313600519	https://twitter.com/nonsonpago1/status/1514363183313600519	tweet	2
1514325216343871501	https://twitter.com/balldontliedude/status/1514325216343871501	tweet	2
1514304572667351043	https://twitter.com/PciToscana/status/1514304572667351043	tweet	2
1514232287365414913	https://twitter.com/AndreaQuaranti2/status/1514232287365414913	tweet	1
1514195416497205255	https://twitter.com/tg2rai/status/1514195416497205255	tweet	3
1514193963212840964	https://twitter.com/giu33liana/status/1514193963212840964	tweet	0
1514189264296292357	https://twitter.com/Piu_Europa/status/1514189264296292357	tweet	2
1513946843461394433	https://twitter.com/VDBalsamo1/status/1513946843461394433	tweet	1
1513907016586125315	https://twitter.com/PolScorr/status/1513907016586125315	tweet	2
1513844484718669824	https://twitter.com/Piu_Europa/status/1513844484718669824	tweet	2
1513820755108241408	https://twitter.com/robertapinotti/status/1513820755108241408	tweet	2
1513780766165118980	https://twitter.com/flapox/status/1513780766165118980	tweet	2
1513583199410167810	https://twitter.com/tempoweb/status/1513583199410167810	tweet	1
1513568494746537985	https://twitter.com/antimafia2000/status/1513568494746537985	tweet	2
1513519474451877897	https://twitter.com/tg2rai/status/1513519474451877897	tweet	3
1513451875022032897	https://twitter.com/FlorenceTV_/status/1513451875022032897	tweet	2
1513382435370803200	https://twitter.com/rassegnally/status/1513382435370803200	tweet	2
1513273516803690500	https://twitter.com/nonelarena/status/1513273516803690500	tweet	2
1513257392879906819	https://twitter.com/GianniMagini/status/1513257392879906819	tweet	2
1513230105052651531	https://twitter.com/TV2000it/status/1513230105052651531	tweet	2
1513212679116271623	https://twitter.com/giu33liana/status/1513212679116271623	tweet	2
1513182012928057355	https://twitter.com/momentosera/status/1513182012928057355	tweet	2
1513151247771181059	https://twitter.com/midamaddy/status/1513151247771181059	tweet	1
1513004733165826054	https://twitter.com/CambiamentoDel/status/1513004733165826054	tweet	2
1512857789022015488	https://twitter.com/lanf64/status/1512857789022015488	tweet	1
1512856370869063682	https://twitter.com/TitoDiPersio/status/1512856370869063682	tweet	2
1512835598511493120	https://twitter.com/ComVentotene/status/1512835598511493120	tweet	2
1512791516103811073	https://twitter.com/pdnetwork/status/1512791516103811073	tweet	3
1512766237482405892	https://twitter.com/Damianodanny1/status/1512766237482405892	tweet	1
1512745038656290822	https://twitter.com/waltergianno/status/1512745038656290822	tweet	1
1512716004467650567	https://twitter.com/TV2000it/status/1512716004467650567	tweet	2
1512704501433737217	https://twitter.com/Marko843/status/1512704501433737217	tweet	1
1512485393920188418	https://twitter.com/AlbertoAitini/status/1512485393920188418	tweet	2
1512478929868980226	https://twitter.com/PolScorr/status/1512478929868980226	tweet	2
1512400965802024966	https://twitter.com/LisaS_1981/status/1512400965802024966	tweet	2
1512379865877528577	https://twitter.com/zazoomblog/status/1512379865877528577	tweet	1
1512363658780762112	https://twitter.com/Radio3tweet/status/1512363658780762112	tweet	2
1512193955756220420	https://twitter.com/plidskeen/status/1512193955756220420	tweet	1
1512168744235249664	https://twitter.com/BEPPESARNO/status/1512168744235249664	tweet	1
1512160720028327941	https://twitter.com/GabryBab10/status/1512160720028327941	tweet	1
1512140847298617358	https://twitter.com/csalux/status/1512140847298617358	tweet	0
1512091704920182785	https://twitter.com/AlePedalex/status/1512091704920182785	tweet	1
1512079828861677582	https://twitter.com/Leonellonegrin1/status/1512079828861677582	tweet	1
1511923380336959492	https://twitter.com/rubio_chef/status/1511923380336959492	tweet	2
1511796426971521034	https://twitter.com/corrado_soldato/status/1511796426971521034	tweet	1
1511768642815471617	https://twitter.com/Popcorn_87_/status/1511768642815471617	tweet	1
1511731229925777414	https://twitter.com/redbaro93977318/status/1511731229925777414	tweet	1
1511716178150019080	https://twitter.com/tommynino/status/1511716178150019080	tweet	2
1511630671915143168	https://twitter.com/CaressaGiovanni/status/1511630671915143168	tweet	3
1511630528407080966	https://twitter.com/ilconterosso1/status/1511630528407080966	tweet	1
1511612912116371459	https://twitter.com/patriziaprestip/status/1511612912116371459	tweet	2
1511602423533555713	https://twitter.com/Destradipopolo/status/1511602423533555713	tweet	2
1511426521285767168	https://twitter.com/NikeSkywalker/status/1511426521285767168	tweet	0
1511425483912720385	https://twitter.com/NikeSkywalker/status/1511425483912720385	tweet	0
1511405158168764421	https://twitter.com/fattoquotidiano/status/1511405158168764421	tweet	3
1511358812078456840	https://twitter.com/RVeronicaOne/status/1511358812078456840	tweet	3
1511304889141501952	https://twitter.com/MediasetTgcom24/status/1511304889141501952	tweet	3
1511296942915076099	https://twitter.com/MilleSpore/status/1511296942915076099	tweet	1
1511294195025252352	https://twitter.com/CianPdc/status/1511294195025252352	tweet	1
1511252652994314246	https://twitter.com/Marcella_IsBack/status/1511252652994314246	tweet	0
1511243547890049024	https://twitter.com/Agenzia_Ansa/status/1511243547890049024	tweet	2
1511236790602059777	https://twitter.com/MiloMatte/status/1511236790602059777	tweet	2
1511220361999880192	https://twitter.com/rotre54/status/1511220361999880192	tweet	1
1511102608915771393	https://twitter.com/Antonio_Caramia/status/1511102608915771393	tweet	1
1511102205914501131	https://twitter.com/laDiscussioneQ/status/1511102205914501131	tweet	1
1511095359786860552	https://twitter.com/GianniVernetti/status/1511095359786860552	tweet	1
1511093966137081861	https://twitter.com/PAZZIdelCALCIO/status/1511093966137081861	tweet	0
1511055134842929157	https://twitter.com/frahorus/status/1511055134842929157	tweet	3
1511047564107436032	https://twitter.com/tg2rai/status/1511047564107436032	tweet	2
1511033071684014084	https://twitter.com/MediasetTgcom24/status/1511033071684014084	tweet	3
1511020999294308362	https://twitter.com/momentosera/status/1511020999294308362	tweet	2
1511013808789233671	https://twitter.com/mptuitter/status/1511013808789233671	tweet	1
1511004301019303947	https://twitter.com/giustovincente/status/1511004301019303947	tweet	2
1510973273370238986	https://twitter.com/GiuliaTempesta/status/1510973273370238986	tweet	3
1510926008194678787	https://twitter.com/IlConteDiParis/status/1510926008194678787	tweet	2
1510923442031374342	https://twitter.com/giu33liana/status/1510923442031374342	tweet	2
1510920550989938689	https://twitter.com/barone_rotto/status/1510920550989938689	tweet	2
1510873537795575815	https://twitter.com/MCapisani/status/1510873537795575815	tweet	2
1510702076954918920	https://twitter.com/palmenco08/status/1510702076954918920	tweet	1
1510692719693287425	https://twitter.com/SoccorsiG/status/1510692719693287425	tweet	2
1510655869322764296	https://twitter.com/MicheleMagno4/status/1510655869322764296	tweet	2
1510652060961804294	https://twitter.com/Cate_Bes/status/1510652060961804294	tweet	1
1510649429719752709	https://twitter.com/Bart_Press/status/1510649429719752709	tweet	3
1510642478696873987	https://twitter.com/ClRancati/status/1510642478696873987	tweet	2
1510626097918005254	https://twitter.com/waltergianno/status/1510626097918005254	tweet	2
1510617677282349058	https://twitter.com/lisanoja/status/1510617677282349058	tweet	3
1510615305420214281	https://twitter.com/AnnaLeonardi1/status/1510615305420214281	tweet	2
1510597139667501061	https://twitter.com/NICOLACATAR/status/1510597139667501061	tweet	3
1510573614336258055	https://twitter.com/fildelmonte/status/1510573614336258055	tweet	3
1510555861181255682	https://twitter.com/DantiNicola/status/1510555861181255682	tweet	3
1510544833810767872	https://twitter.com/waltergianno/status/1510544833810767872	tweet	2
1510508620223557633	https://twitter.com/strange_days_82/status/1510508620223557633	tweet	1
1510487771407962113	https://twitter.com/MimmoLombezzi/status/1510487771407962113	tweet	2
1510382196623917060	https://twitter.com/DalilaAdrower/status/1510382196623917060	tweet	2
1510269862203076615	https://twitter.com/MediasetTgcom24/status/1510269862203076615	tweet	3
1510267560817831938	https://twitter.com/tempoweb/status/1510267560817831938	tweet	2
1510259731121717253	https://twitter.com/PolScorr/status/1510259731121717253	tweet	3
1510165141635141637	https://twitter.com/ANPIRomaPosti/status/1510165141635141637	tweet	2
1510162067403251716	https://twitter.com/mauromonti70/status/1510162067403251716	tweet	2
1510122080393650180	https://twitter.com/MediasetTgcom24/status/1510122080393650180	tweet	2
1509942173109788673	https://twitter.com/tempoweb/status/1509942173109788673	tweet	2
1509937007069388802	https://twitter.com/AlePedalex/status/1509937007069388802	tweet	2
1509915054564687884	https://twitter.com/BergamoAcli/status/1509915054564687884	tweet	2
1509857693191782401	https://twitter.com/MediasetTgcom24/status/1509857693191782401	tweet	3
1509855649127190528	https://twitter.com/nuovaferrara/status/1509855649127190528	tweet	1
1509828564023230489	https://twitter.com/lauranaka/status/1509828564023230489	tweet	1
1509776341150879769	https://twitter.com/MediasetTgcom24/status/1509776341150879769	tweet	3
1509767751619031049	https://twitter.com/MediasetTgcom24/status/1509767751619031049	tweet	3
1531319135325540358	https://twitter.com/SalazarYulia/status/1531319135325540358	tweet	2
1531274980713021441	https://twitter.com/lanf64/status/1531274980713021441	tweet	2
1531033541143928832	https://twitter.com/laDiscussioneQ/status/1531033541143928832	tweet	2
1530980381301800962	https://twitter.com/tempoweb/status/1530980381301800962	tweet	2
1530900515340443648	https://twitter.com/lanf64/status/1530900515340443648	tweet	1
1530896750621302791	https://twitter.com/lanf64/status/1530896750621302791	tweet	2
1530840117211934721	https://twitter.com/lanf64/status/1530840117211934721	tweet	2
1530832567624253440	https://twitter.com/lanf64/status/1530832567624253440	tweet	2
1530813693490958337	https://twitter.com/lanf64/status/1530813693490958337	tweet	2
1530812275338133505	https://twitter.com/orgogliomolosso/status/1530812275338133505	tweet	0
1530634303557840899	https://twitter.com/UltimoUMC/status/1530634303557840899	tweet	2
1530515478015115264	https://twitter.com/lanf64/status/1530515478015115264	tweet	1
1530452817890230273	https://twitter.com/muzza1966/status/1530452817890230273	tweet	0
1530444539290329088	https://twitter.com/TV2000it/status/1530444539290329088	tweet	2
1530443764438663169	https://twitter.com/RaiTre/status/1530443764438663169	tweet	2
1530278203008458753	https://twitter.com/AntonioDNA67/status/1530278203008458753	tweet	0
1530270896061136896	https://twitter.com/carpa2019/status/1530270896061136896	tweet	1
1530226339348893697	https://twitter.com/m_caiazzo/status/1530226339348893697	tweet	3
1530169040756424704	https://twitter.com/JoKakamuKazz/status/1530169040756424704	tweet	0
1530112373826195457	https://twitter.com/MediasetTgcom24/status/1530112373826195457	tweet	3
1530072677104369664	https://twitter.com/CorriereUmbria/status/1530072677104369664	tweet	2
1529206839497334784	https://twitter.com/BiribissiBlog/status/1529206839497334784	tweet	1
1529104445979734016	https://twitter.com/MediasetTgcom24/status/1529104445979734016	tweet	2
1529018351669981184	https://twitter.com/cristinamacca/status/1529018351669981184	tweet	2
1528624865389035520	https://twitter.com/CorriereUmbria/status/1528624865389035520	tweet	2
1528446172108570624	https://twitter.com/MediasetTgcom24/status/1528446172108570624	tweet	2
1528427108917288960	https://twitter.com/nanucciogr/status/1528427108917288960	tweet	2
1528375134943330304	https://twitter.com/lanf64/status/1528375134943330304	tweet	2
1528282102294319105	https://twitter.com/CoronaLupo/status/1528282102294319105	tweet	0
1528273547495456769	https://twitter.com/LUCAMARANTO/status/1528273547495456769	tweet	2
1528259632879345666	https://twitter.com/CorriereUmbria/status/1528259632879345666	tweet	2
1527941015906164737	https://twitter.com/lanf64/status/1527941015906164737	tweet	1
1527895982288953345	https://twitter.com/zazoomblog/status/1527895982288953345	tweet	1
1527666338436628481	https://twitter.com/NotizieVirgilio/status/1527666338436628481	tweet	2
1527665723060981762	https://twitter.com/tempoweb/status/1527665723060981762	tweet	3
1518709443579498498	https://twitter.com/tint_adree/status/1518709443579498498	tweet	2
1520145411327107074	https://twitter.com/PallanoMount/status/1520145411327107074	tweet	1
1520124888178204673	https://twitter.com/TV2000it/status/1520124888178204673	tweet	2
1520095520450093057	https://twitter.com/EmilioMid3/status/1520095520450093057	tweet	2
1520044137994723328	https://twitter.com/LePolemiqueCmoi/status/1520044137994723328	tweet	1
1520040893444726784	https://twitter.com/RobertoGibin/status/1520040893444726784	tweet	1
1520019525583974404	https://twitter.com/MoroSoufiane/status/1520019525583974404	tweet	1
1520008482971435008	https://twitter.com/DaBattistini/status/1520008482971435008	tweet	1
1520008442035027969	https://twitter.com/DaBattistini/status/1520008442035027969	tweet	0
1520008335256432640	https://twitter.com/DaBattistini/status/1520008335256432640	tweet	0
1519891301403086849	https://twitter.com/BattagliaMarc/status/1519891301403086849	tweet	0
1519813089314627586	https://twitter.com/valy_s/status/1519813089314627586	tweet	1
1519777249402236928	https://twitter.com/calcla1114/status/1519777249402236928	tweet	1
1519758257258176512	https://twitter.com/TV2000it/status/1519758257258176512	tweet	2
1519758014512783360	https://twitter.com/mariamacina/status/1519758014512783360	tweet	1
1519751214614953986	https://twitter.com/lettera_mosca/status/1519751214614953986	tweet	0
1519744085430517760	https://twitter.com/nicdemuro/status/1519744085430517760	tweet	2
1519740089953406981	https://twitter.com/talismanogiada/status/1519740089953406981	tweet	2
1519729001304104962	https://twitter.com/putino/status/1519729001304104962	tweet	2
1519617496579514372	https://twitter.com/BalcaniCaucaso/status/1519617496579514372	tweet	2
1519617058975240192	https://twitter.com/talismanogiada/status/1519617058975240192	tweet	1
1519607603256606722	https://twitter.com/DomaniGiornale/status/1519607603256606722	tweet	1
1519606209288060928	https://twitter.com/giuliogaia/status/1519606209288060928	tweet	0
1519404998920179714	https://twitter.com/TV2000it/status/1519404998920179714	tweet	2
1519337539974447107	https://twitter.com/fabry_il_bomber/status/1519337539974447107	tweet	2
1519313720081588226	https://twitter.com/magicaGrmente22/status/1519313720081588226	tweet	3
1519229525200191488	https://twitter.com/SalvoCernuzio/status/1519229525200191488	tweet	2
1519224276083253248	https://twitter.com/Luis91052594/status/1519224276083253248	tweet	0
1519214356285722624	https://twitter.com/JediPerLItalia/status/1519214356285722624	tweet	2
1519017739825958913	https://twitter.com/GeopoliticalCen/status/1519017739825958913	tweet	2
1518878810971590656	https://twitter.com/POLITICOit/status/1518878810971590656	tweet	1
1518862466264010753	https://twitter.com/Versi_del_Tempo/status/1518862466264010753	tweet	1
1518830088279793664	https://twitter.com/TWDDarylRick/status/1518830088279793664	tweet	1
1518645808643645441	https://twitter.com/ShaRevenge/status/1518645808643645441	tweet	2
1518583423732006912	https://twitter.com/FabioCarbone80/status/1518583423732006912	tweet	2
1518554080217604096	https://twitter.com/QRicordi/status/1518554080217604096	tweet	2
1518545999257649156	https://twitter.com/TheTudo94/status/1518545999257649156	tweet	2
1518538833729576960	https://twitter.com/npreiti/status/1518538833729576960	tweet	2
1518538662077730816	https://twitter.com/fraorangesd10s/status/1518538662077730816	tweet	2
1518526210439102464	https://twitter.com/NuovaScintilla/status/1518526210439102464	tweet	3
1518523657265594368	https://twitter.com/jackdaw_writes/status/1518523657265594368	tweet	2
1518518315957862402	https://twitter.com/VivMeVero/status/1518518315957862402	tweet	1
1518510333849223169	https://twitter.com/terlib/status/1518510333849223169	tweet	2
1518491211857866752	https://twitter.com/MatCarramusa/status/1518491211857866752	tweet	2
1518487574964322304	https://twitter.com/Confcooperativ1/status/1518487574964322304	tweet	3
1518478181807714304	https://twitter.com/POLITICOit/status/1518478181807714304	tweet	2
1518472467534295040	https://twitter.com/AvezzanoTw/status/1518472467534295040	tweet	2
1518323017805443078	https://twitter.com/AlessandroGeng1/status/1518323017805443078	tweet	0
1518317570092318723	https://twitter.com/halesia2004/status/1518317570092318723	tweet	1
1518167833808625664	https://twitter.com/IPredicatore/status/1518167833808625664	tweet	0
1518158230328913920	https://twitter.com/EhmYana/status/1518158230328913920	tweet	2
1518148123792744449	https://twitter.com/momentosera/status/1518148123792744449	tweet	3
1518136067035222017	https://twitter.com/AlexBillyBisi/status/1518136067035222017	tweet	0
1518124218533117952	https://twitter.com/zazoomblog/status/1518124218533117952	tweet	2
1517928745172148231	https://twitter.com/Fabiano1907/status/1517928745172148231	tweet	0
1517919998857076737	https://twitter.com/andreafacchini1/status/1517919998857076737	tweet	2
1517890770866425857	https://twitter.com/Vincenz78441140/status/1517890770866425857	tweet	1
1517823655602003968	https://twitter.com/GeMa7799/status/1517823655602003968	tweet	0
1517742614459654146	https://twitter.com/GIOVENTLIBERAL1/status/1517742614459654146	tweet	1
1517739536176009216	https://twitter.com/GianlucaCastro8/status/1517739536176009216	tweet	0
1517738933869756416	https://twitter.com/Nic_Trevi/status/1517738933869756416	tweet	1
1517478387379576834	https://twitter.com/voceditalia/status/1517478387379576834	tweet	3
1517473292654825472	https://twitter.com/PD_Lazio/status/1517473292654825472	tweet	3
1517458900026540033	https://twitter.com/MarcoFattorini/status/1517458900026540033	tweet	2
1517393031636398081	https://twitter.com/Circasso11/status/1517393031636398081	tweet	0
1517297012005384195	https://twitter.com/Albe696969/status/1517297012005384195	tweet	0
1517222842395410434	https://twitter.com/TV2000it/status/1517222842395410434	tweet	2
1517095813574443009	https://twitter.com/tg2rai/status/1517095813574443009	tweet	3
1517075650846281728	https://twitter.com/Antonio22024399/status/1517075650846281728	tweet	0
1517027408817311744	https://twitter.com/Lo_Scoglionato/status/1517027408817311744	tweet	0
1516988560028717057	https://twitter.com/wildSpirit666/status/1516988560028717057	tweet	1
1516851386570448903	https://twitter.com/gioially/status/1516851386570448903	tweet	0
1516848817840263170	https://twitter.com/lmcastaldi/status/1516848817840263170	tweet	0
1516742530230104065	https://twitter.com/ahabello/status/1516742530230104065	tweet	0
1516687132563181570	https://twitter.com/fisco24_info/status/1516687132563181570	tweet	3
1516509246220820483	https://twitter.com/TV2000it/status/1516509246220820483	tweet	2
1516420375701340166	https://twitter.com/vignettisti/status/1516420375701340166	tweet	2
1516380174375436291	https://twitter.com/FREEvax_NOgp/status/1516380174375436291	tweet	2
1516328013637603330	https://twitter.com/putino/status/1516328013637603330	tweet	1
1516296487386423298	https://twitter.com/favax/status/1516296487386423298	tweet	1
1516119030444302344	https://twitter.com/PolScorr/status/1516119030444302344	tweet	1
1516119030444302344	https://twitter.com/PolScorr/status/1516119030444302344	tweet	1
1516010247722356740	https://twitter.com/FPrandstraller/status/1516010247722356740	tweet	1
1515949664432017408	https://twitter.com/bepperoca/status/1515949664432017408	tweet	0
1515835402631843841	https://twitter.com/spighissimo/status/1515835402631843841	tweet	0
1515740119206187010	https://twitter.com/mariacattini/status/1515740119206187010	tweet	2
1515700543737450507	https://twitter.com/GiovannaCuoco5/status/1515700543737450507	tweet	0
1515683518776549379	https://twitter.com/scioltokane/status/1515683518776549379	tweet	0
1515588341261086721	https://twitter.com/Gioacch35798118/status/1515588341261086721	tweet	0
1515345344745385991	https://twitter.com/kondrasonok/status/1515345344745385991	tweet	3
1515344881870376962	https://twitter.com/kondrasonok/status/1515344881870376962	tweet	2
1515291962617876483	https://twitter.com/gatta_pantera/status/1515291962617876483	tweet	2
1515262565051506693	https://twitter.com/the_biasi/status/1515262565051506693	tweet	0
1515242098819219457	https://twitter.com/Sidi_Bou/status/1515242098819219457	tweet	1
1515031854738554886	https://twitter.com/SALVOM2010/status/1515031854738554886	tweet	3
1514941905892782089	https://twitter.com/AntonioBergami4/status/1514941905892782089	tweet	0
1514874865735639040	https://twitter.com/comunerimini/status/1514874865735639040	tweet	3
1514863065396879364	https://twitter.com/LuigiPizzimenti/status/1514863065396879364	tweet	0
1514683734582349835	https://twitter.com/TV2000it/status/1514683734582349835	tweet	2
1514628653795139589	https://twitter.com/meduyak_/status/1514628653795139589	tweet	2
1514587949442215937	https://twitter.com/poetazzo/status/1514587949442215937	tweet	0
1514524490126004226	https://twitter.com/mendeiev/status/1514524490126004226	tweet	0
1514520549803929605	https://twitter.com/bancaetica/status/1514520549803929605	tweet	3
1514241493040574471	https://twitter.com/Rosy87234986/status/1514241493040574471	tweet	1
1514209803161251841	https://twitter.com/RedwineAr/status/1514209803161251841	tweet	0
1514087895044395010	https://twitter.com/frastefanelli/status/1514087895044395010	tweet	2
1513942244973293572	https://twitter.com/giu33liana/status/1513942244973293572	tweet	2
1513815265146032128	https://twitter.com/MelgerTina/status/1513815265146032128	tweet	1
1513801787806990340	https://twitter.com/Ukraine_NowIt/status/1513801787806990340	tweet	2
1513778007755927558	https://twitter.com/Alexand85272347/status/1513778007755927558	tweet	0
1513557449298657288	https://twitter.com/UnoFRAtanti/status/1513557449298657288	tweet	0
1513510348804038662	https://twitter.com/claudioriccio/status/1513510348804038662	tweet	2
1513503295922397188	https://twitter.com/VisioneTv/status/1513503295922397188	tweet	0
1513475002745724928	https://twitter.com/Beaoh11/status/1513475002745724928	tweet	0
1513259786296565769	https://twitter.com/Ukraine_NowIt/status/1513259786296565769	tweet	2
1513206733417689093	https://twitter.com/Pt47220992/status/1513206733417689093	tweet	0
1513203466860126209	https://twitter.com/Bart_Press/status/1513203466860126209	tweet	1
1513170313424646145	https://twitter.com/MaxMelisMilano/status/1513170313424646145	tweet	2
1513074586446876673	https://twitter.com/Romeo77111184/status/1513074586446876673	tweet	0
1512917625973714946	https://twitter.com/Antonio22024399/status/1512917625973714946	tweet	0
1512894979542335495	https://twitter.com/peppemongiardo/status/1512894979542335495	tweet	0
1512866177541984265	https://twitter.com/TatiUdaci/status/1512866177541984265	tweet	1
1512824455436902405	https://twitter.com/UnicronPlanetM/status/1512824455436902405	tweet	1
1512823253672370183	https://twitter.com/RaiTre/status/1512823253672370183	tweet	3
1512714684633341956	https://twitter.com/DavideexD/status/1512714684633341956	tweet	0
1512708767384846336	https://twitter.com/IrineKuklina/status/1512708767384846336	tweet	0
1512707433872998402	https://twitter.com/fulvioabbate/status/1512707433872998402	tweet	1
1512533958180933635	https://twitter.com/europainitalia/status/1512533958180933635	tweet	3
1512454229167853570	https://twitter.com/Riccard62834742/status/1512454229167853570	tweet	1
1512362390746193921	https://twitter.com/ComunistaRosso/status/1512362390746193921	tweet	2
1512353101143056386	https://twitter.com/avanzataprolet/status/1512353101143056386	tweet	1
1512342089287274497	https://twitter.com/DrSlump1984/status/1512342089287274497	tweet	0
1512332532498546688	https://twitter.com/DrSlump1984/status/1512332532498546688	tweet	1
1512250850806222891	https://twitter.com/IngMirkoPaglia/status/1512250850806222891	tweet	2
1512032050458595329	https://twitter.com/alone73x1/status/1512032050458595329	tweet	2
1511993062993633281	https://twitter.com/StudioPapperini/status/1511993062993633281	tweet	0
1511985109582368769	https://twitter.com/famaisano/status/1511985109582368769	tweet	2
1511982028295659522	https://twitter.com/LoredaconLory/status/1511982028295659522	tweet	0
1511962009730002946	https://twitter.com/sara_grimaldi/status/1511962009730002946	tweet	1
1511934552293445637	https://twitter.com/My_Salute/status/1511934552293445637	tweet	3
1511814712899645451	https://twitter.com/GMorenghi/status/1511814712899645451	tweet	0
1511766686583635974	https://twitter.com/FrancoScarsell2/status/1511766686583635974	tweet	2
1511640087251066882	https://twitter.com/Radio1Rai/status/1511640087251066882	tweet	3
1511624928113610755	https://twitter.com/virtualex71/status/1511624928113610755	tweet	0
1511619110035206148	https://twitter.com/mercedesdelat/status/1511619110035206148	tweet	3
1511602304558026756	https://twitter.com/riccardinouk/status/1511602304558026756	tweet	2
1520141916523974656	https://twitter.com/Mariano22474181/status/1520141916523974656	tweet	1
1520001737305866242	https://twitter.com/DinMariagraziaA/status/1520001737305866242	tweet	0
1519544835262361600	https://twitter.com/reportdifesa/status/1519544835262361600	tweet	2
1519369011540238338	https://twitter.com/MarcoFattorini/status/1519369011540238338	tweet	2
1519317221461348353	https://twitter.com/reportdifesa/status/1519317221461348353	tweet	2
1519038310332735489	https://twitter.com/brunodgb59/status/1519038310332735489	tweet	1
1518871022400774144	https://twitter.com/ZenatiDavide/status/1518871022400774144	tweet	2
1518531239292153856	https://twitter.com/News24Toscana/status/1518531239292153856	tweet	2
1518426083594412037	https://twitter.com/quotidianodirg/status/1518426083594412037	tweet	1
1517512236117467136	https://twitter.com/MPoltero/status/1517512236117467136	tweet	1
1517210915992707074	https://twitter.com/MediasetTgcom24/status/1517210915992707074	tweet	3
1516705984693121026	https://twitter.com/AngeloBaffi1/status/1516705984693121026	tweet	0
1516486301196840960	https://twitter.com/fisco24_info/status/1516486301196840960	tweet	2
1516463559940751370	https://twitter.com/MassimoUngaro/status/1516463559940751370	tweet	2
1516420364586438658	https://twitter.com/mrsannino/status/1516420364586438658	tweet	2
1516388044026298374	https://twitter.com/Cesare20982734/status/1516388044026298374	tweet	1
1513540901439639553	https://twitter.com/fisco24_info/status/1513540901439639553	tweet	2
1513452949011406850	https://twitter.com/Vito68122235/status/1513452949011406850	tweet	2
1513405890271100929	https://twitter.com/fratotolo2/status/1513405890271100929	tweet	0
1513172680685637636	https://twitter.com/mantovanimg/status/1513172680685637636	tweet	2
1512859598419542017	https://twitter.com/tg2rai/status/1512859598419542017	tweet	3
1512740011149570050	https://twitter.com/flayawa/status/1512740011149570050	tweet	1
1512658241586663428	https://twitter.com/dukana2/status/1512658241586663428	tweet	1
1512007619631845379	https://twitter.com/HuygensMario/status/1512007619631845379	tweet	1
1511752356282568709	https://twitter.com/reportdifesa/status/1511752356282568709	tweet	2
1511728705994989582	https://twitter.com/UNICEF_Italia/status/1511728705994989582	tweet	3
1511725086323134480	https://twitter.com/reportdifesa/status/1511725086323134480	tweet	2
1511078846023573520	https://twitter.com/Jus99875729/status/1511078846023573520	tweet	0
1510641748468551684	https://twitter.com/benq_antonio/status/1510641748468551684	tweet	1
1510231721828102152	https://twitter.com/MarcoMonigaAtos/status/1510231721828102152	tweet	2
1510160649103491072	https://twitter.com/gabrillasarti2/status/1510160649103491072	tweet	0
1510155386711642113	https://twitter.com/GDeccia/status/1510155386711642113	tweet	1
1509926562505891858	https://twitter.com/TorciaPolitica/status/1509926562505891858	tweet	1
1509894650265546763	https://twitter.com/AParentiEU/status/1509894650265546763	tweet	3
1509872552092618776	https://twitter.com/tradori/status/1509872552092618776	tweet	0
1529191310673969153	https://twitter.com/AlienoGrigio17/status/1529191310673969153	tweet	0
1529099377977004037	https://twitter.com/LucaBolognini82/status/1529099377977004037	tweet	3
1526910937927761922	https://twitter.com/EcuadorEnGenova/status/1526910937927761922	tweet	2
1525722038094245888	https://twitter.com/sipuofaree/status/1525722038094245888	tweet	2
1524340720529719296	https://twitter.com/unisiena/status/1524340720529719296	tweet	3
1523604006618025984	https://twitter.com/AmbasciataUSA/status/1523604006618025984	tweet	3
1523302115564785664	https://twitter.com/putino/status/1523302115564785664	tweet	3
1522929772795412480	https://twitter.com/CremaschiG/status/1522929772795412480	tweet	2
1522927773005893632	https://twitter.com/EllemmeCoachinG/status/1522927773005893632	tweet	0
1522245144870891523	https://twitter.com/TerrierBullFA/status/1522245144870891523	tweet	0
1542116154902183936	https://twitter.com/giampdisan/status/1542116154902183936	tweet	1
1541078888180334594	https://twitter.com/Rosy87234986/status/1541078888180334594	tweet	0
1540972584187092993	https://twitter.com/Giobegood/status/1540972584187092993	tweet	0
1540298165525647360	https://twitter.com/davemik71/status/1540298165525647360	tweet	0
1540244208224813056	https://twitter.com/Whitewool81/status/1540244208224813056	tweet	0
1539979779197345795	https://twitter.com/gmarino53/status/1539979779197345795	tweet	1
1539496520764084224	https://twitter.com/dvbntd61/status/1539496520764084224	tweet	0
1539197701534916609	https://twitter.com/ValotiRiccardo/status/1539197701534916609	tweet	1
1538892762170408960	https://twitter.com/CONSERVATORI3/status/1538892762170408960	tweet	0
1538533666346917888	https://twitter.com/Giorgiolaporta/status/1538533666346917888	tweet	0
1538514595844968448	https://twitter.com/stagliacollo/status/1538514595844968448	tweet	2
1538490357779931136	https://twitter.com/gallina_di/status/1538490357779931136	tweet	1
1538488626111254528	https://twitter.com/Jack53152579/status/1538488626111254528	tweet	0
1538486694701408256	https://twitter.com/fratotolo2/status/1538486694701408256	tweet	1
1538476758948892675	https://twitter.com/LBasemi/status/1538476758948892675	tweet	0
1538423693415686144	https://twitter.com/abbracadabra6/status/1538423693415686144	tweet	0
1538254178413322241	https://twitter.com/104Pierpa/status/1538254178413322241	tweet	0
1537840889749458946	https://twitter.com/PartitComunista/status/1537840889749458946	tweet	2
1537110492661141513	https://twitter.com/PrimoPianoMolis/status/1537110492661141513	tweet	2
1537050315861680130	https://twitter.com/g_depiccoli/status/1537050315861680130	tweet	0
1536981510288465921	https://twitter.com/Quot_Molise/status/1536981510288465921	tweet	1
1535923240710946816	https://twitter.com/PartitComunista/status/1535923240710946816	tweet	2
1535893068108513280	https://twitter.com/PartitComunista/status/1535893068108513280	tweet	2
1535700719516405761	https://twitter.com/QuotaPeriscopio/status/1535700719516405761	tweet	0
1535197417917882374	https://twitter.com/d_serritella/status/1535197417917882374	tweet	2
1534556711591235584	https://twitter.com/Sputnink_/status/1534556711591235584	tweet	2
1534120505677971459	https://twitter.com/reportdifesa/status/1534120505677971459	tweet	2
3110807	https://t.co/EdyIsGXRmY	article	1
3110807	https://t.co/EdyIsGXRmY	article	1
3110807	https://t.co/EdyIsGXRmY	article	1
3110807	https://t.co/EdyIsGXRmY	article	1
3110712	https://t.co/Qcg0kSek72	article	2
3110712	https://t.co/Qcg0kSek72	article	2
3110712	https://t.co/Qcg0kSek72	article	2
3110712	https://t.co/Qcg0kSek72	article	2
3110424	https://t.co/biV8vdHw9y	article	2
3110424	https://t.co/biV8vdHw9y	article	2
3110416	https://t.co/6mxzEsTE24	article	2
3110416	https://t.co/6mxzEsTE24	article	2
3110318	https://t.co/akuRPLms2j	article	2
3110318	https://t.co/akuRPLms2j	article	2
3110310	https://t.co/3ivXRlhBwB	article	3
3110310	https://t.co/3ivXRlhBwB	article	3
3110310	https://t.co/3ivXRlhBwB	article	3
3110048	https://t.co/iGvaWROaui	article	2
3110048	https://t.co/iGvaWROaui	article	2
3110048	https://t.co/iGvaWROaui	article	2
3109934	https://t.co/MNodv1ny9n	article	3
3109934	https://t.co/MNodv1ny9n	article	3
3109808	https://t.co/nR4ZfGqv5I	article	3
3109808	https://t.co/nR4ZfGqv5I	article	3
3109808	https://t.co/nR4ZfGqv5I	article	3
3109625	https://t.co/Au5LpYjUGL	article	2
3109625	https://t.co/Au5LpYjUGL	article	2
3109625	https://t.co/Au5LpYjUGL	article	2
3109449	https://t.co/X8892VIpBN	article	3
3109449	https://t.co/X8892VIpBN	article	3
3109123	https://t.co/MbTxtNtAzn	article	2
3109123	https://t.co/MbTxtNtAzn	article	2
3108993	https://t.co/AiwWjoN6G8	article	2
3108993	https://t.co/AiwWjoN6G8	article	2
3108969	https://t.co/NaYzeIsBTR	article	2
3108969	https://t.co/NaYzeIsBTR	article	2
3108969	https://t.co/NaYzeIsBTR	article	2
3108815	https://t.co/2YtRPgHV4Y	article	2
3108815	https://t.co/2YtRPgHV4Y	article	2
3108713	https://t.co/njDrMMcUvY	article	3
3108713	https://t.co/njDrMMcUvY	article	3
3108707	https://t.co/Ue9vJ1YqhU	article	2
3108707	https://t.co/Ue9vJ1YqhU	article	2
3108643	https://t.co/bTmfeFGTMW	article	2
3108643	https://t.co/bTmfeFGTMW	article	2
3108123	https://t.co/0oUxHnbndS	article	3
3108123	https://t.co/0oUxHnbndS	article	3
3108123	https://t.co/0oUxHnbndS	article	3
3108012	https://t.co/RH5hBZbkE3	article	2
3108012	https://t.co/RH5hBZbkE3	article	2
3108002	https://t.co/ZlWejH2IFJ	article	0
3108002	https://t.co/ZlWejH2IFJ	article	0
3106863	https://t.co/OX0VXX7m8k	article	3
3106863	https://t.co/OX0VXX7m8k	article	3
3106859	https://t.co/D0gOHbZRbK	article	2
3106859	https://t.co/D0gOHbZRbK	article	2
3106767	https://t.co/FiU7Uv3lqv	article	3
3106767	https://t.co/FiU7Uv3lqv	article	3
3106027	https://t.co/1mpJ62Otk0	article	2
3106027	https://t.co/1mpJ62Otk0	article	2
3105878	https://t.co/s9NTnip3uh	article	3
3105745	https://t.co/s2VkU6SRM7	article	2
3105618	https://t.co/4RLbKHpQHH	article	2
3105291	https://t.co/cY4WePKSmm	article	3
3105198	https://t.co/u1bA6tPz8S	article	3
3105029	https://t.co/h7y6bE8vY3	article	2
3104667	https://t.co/5gBNrZH0IJ	article	2
3038877	https://t.co/IsxTT1WenG	article	2
3038708	https://t.co/XXpHrtaK3S	article	2
3038441	https://t.co/DnzG9l4THP	article	2
3038379	https://t.co/AgFNKW4ilU	article	1
3038353	https://t.co/vIJqRwu6o5	article	2
3038057	https://t.co/G0lLcv1mOq	article	2
3038029	https://t.co/Xnf9Jw03WY	article	2
3037840	https://t.co/TZe5le1mUH	article	3
3037764	https://t.co/X46i0s1wfl	article	1
3037612	https://t.co/A2DrJJO9Qn	article	1
3037559	https://t.co/UDRX9QoXBt	article	0
3037491	https://t.co/YyKOY2AfBA	article	2
3037445	https://t.co/MNVWIGeVVs	article	2
3037234	https://t.co/lxlRggWEii	article	1
3037092	https://t.co/k2lGbuLSIU	article	2
3037082	https://t.co/o5zdAN7qME	article	2
3037073	https://t.co/OsEka8aYbQ	article	2
3036983	https://t.co/M1IWezWDjb	article	1
3036606	https://t.co/jnIfabrAUd	article	2
3036602	https://t.co/z9ozdmCYRa	article	2
3036162	https://t.co/VUWQqiSrgB	article	2
3110807	https://t.co/EdyIsGXRmY	article	1
3110807	https://t.co/EdyIsGXRmY	article	1
3110807	https://t.co/EdyIsGXRmY	article	1
3110807	https://t.co/EdyIsGXRmY	article	1
3110712	https://t.co/Qcg0kSek72	article	2
3110712	https://t.co/Qcg0kSek72	article	2
3110712	https://t.co/Qcg0kSek72	article	2
3110712	https://t.co/Qcg0kSek72	article	2
3110705	https://t.co/qBqjV2d5IV	article	2
3110177	https://t.co/NsvDlJyRR3	article	3
3109886	https://t.co/feF57VpGLN	article	2
3109813	https://t.co/XIneiRmXsh	article	2
3109813	https://t.co/XIneiRmXsh	article	2
3109049	https://t.co/KvKZvXq1SQ	article	2
3109028	https://t.co/ZZN0Y2R7Ga	article	3
3108969	https://t.co/NaYzeIsBTR	article	2
3108969	https://t.co/NaYzeIsBTR	article	2
3108969	https://t.co/NaYzeIsBTR	article	2
3108911	https://t.co/M7qlEmqXUU	article	2
3108907	https://t.co/vp1Q0aI4xC	article	3
3108460	https://t.co/bmsp4uNgMd	article	1
3108310	https://t.co/rQlLdFuNQv	article	3
3108123	https://t.co/0oUxHnbndS	article	3
3108123	https://t.co/0oUxHnbndS	article	3
3108123	https://t.co/0oUxHnbndS	article	3
3107956	https://t.co/NZEpAH9azA	article	2
3107940	https://t.co/0ka3D8bWBf	article	2
3107855	https://t.co/yvhziRD9sD	article	2
3107438	https://t.co/izQHbPhcwY	article	3
3106926	https://t.co/fyyWxWOyjC	article	2
3106896	https://t.co/cqcJNPE7V5	article	2
3110807	https://t.co/EdyIsGXRmY	article	1
3110807	https://t.co/EdyIsGXRmY	article	1
3110807	https://t.co/EdyIsGXRmY	article	1
3110807	https://t.co/EdyIsGXRmY	article	1
3110712	https://t.co/Qcg0kSek72	article	2
3110712	https://t.co/Qcg0kSek72	article	2
3110712	https://t.co/Qcg0kSek72	article	2
3110712	https://t.co/Qcg0kSek72	article	2
3110424	https://t.co/biV8vdHw9y	article	2
3110424	https://t.co/biV8vdHw9y	article	2
3110416	https://t.co/6mxzEsTE24	article	2
3110416	https://t.co/6mxzEsTE24	article	2
3110318	https://t.co/akuRPLms2j	article	2
3110318	https://t.co/akuRPLms2j	article	2
3110310	https://t.co/3ivXRlhBwB	article	3
3110310	https://t.co/3ivXRlhBwB	article	3
3110310	https://t.co/3ivXRlhBwB	article	3
3110048	https://t.co/iGvaWROaui	article	2
3110048	https://t.co/iGvaWROaui	article	2
3110048	https://t.co/iGvaWROaui	article	2
3109934	https://t.co/MNodv1ny9n	article	3
3109934	https://t.co/MNodv1ny9n	article	3
3109808	https://t.co/nR4ZfGqv5I	article	3
3109808	https://t.co/nR4ZfGqv5I	article	3
3109808	https://t.co/nR4ZfGqv5I	article	3
3109625	https://t.co/Au5LpYjUGL	article	2
3109625	https://t.co/Au5LpYjUGL	article	2
3109625	https://t.co/Au5LpYjUGL	article	2
3109449	https://t.co/X8892VIpBN	article	3
3109449	https://t.co/X8892VIpBN	article	3
3109123	https://t.co/MbTxtNtAzn	article	2
3109123	https://t.co/MbTxtNtAzn	article	2
3108993	https://t.co/AiwWjoN6G8	article	2
3108993	https://t.co/AiwWjoN6G8	article	2
3108969	https://t.co/NaYzeIsBTR	article	2
3108969	https://t.co/NaYzeIsBTR	article	2
3108969	https://t.co/NaYzeIsBTR	article	2
3108815	https://t.co/2YtRPgHV4Y	article	2
3108815	https://t.co/2YtRPgHV4Y	article	2
3108713	https://t.co/njDrMMcUvY	article	3
3108713	https://t.co/njDrMMcUvY	article	3
3108707	https://t.co/Ue9vJ1YqhU	article	2
3108707	https://t.co/Ue9vJ1YqhU	article	2
3108643	https://t.co/bTmfeFGTMW	article	2
3108643	https://t.co/bTmfeFGTMW	article	2
3108123	https://t.co/0oUxHnbndS	article	3
3108123	https://t.co/0oUxHnbndS	article	3
3108123	https://t.co/0oUxHnbndS	article	3
3108012	https://t.co/RH5hBZbkE3	article	2
3108012	https://t.co/RH5hBZbkE3	article	2
3108002	https://t.co/ZlWejH2IFJ	article	0
3108002	https://t.co/ZlWejH2IFJ	article	0
3106863	https://t.co/OX0VXX7m8k	article	3
3106863	https://t.co/OX0VXX7m8k	article	3
3106859	https://t.co/D0gOHbZRbK	article	2
3106859	https://t.co/D0gOHbZRbK	article	2
3106767	https://t.co/FiU7Uv3lqv	article	3
3106767	https://t.co/FiU7Uv3lqv	article	3
3106027	https://t.co/1mpJ62Otk0	article	2
3106027	https://t.co/1mpJ62Otk0	article	2
3038333	https://t.co/pnw7FfHix5	article	2
3038209	https://t.co/qIAULHxj0g	article	2
3037943	https://t.co/nZHonmr9og	article	0
3073400	https://t.co/fdGbKsSPtd	article	3
3073342	https://t.co/sXGcJw2YIV	article	2
3073342	https://t.co/sXGcJw2YIV	article	2
3072966	https://t.co/eQ9iGFeXxH	article	2
3072881	https://t.co/zHHRf2Z4rF	article	2
3072735	https://t.co/xLnpwCBybq	article	2
3072696	https://t.co/hRo8yAw18K	article	2
3071927	https://t.co/Yhx7AtowK5	article	2
3071621	https://t.co/cWQQDo7yh2	article	2
3071578	https://t.co/p7sffn6TtP	article	2
3070907	https://t.co/vWT3ATjqZa	article	2
3070843	https://t.co/rlbGGAdCQK	article	3
3070196	https://t.co/yoGNclRZKG	article	1
3069933	https://t.co/qlU6cqHyHl	article	3
3089013	https://t.co/IarwsOAoMz	article	2
3088936	https://t.co/Lb2QPmpS3R	article	3
3088901	https://t.co/5elAuZEOhv	article	1
3088827	https://t.co/nOnuEGF3Aw	article	2
3088702	https://t.co/opCzYIvLPV	article	2
3088673	https://t.co/BrIciNtOdH	article	2
3088651	https://t.co/aoGuGrh5PE	article	2
3088641	https://t.co/VkUiT90Pq3	article	2
3088519	https://t.co/S1yMApwEFl	article	2
3088464	https://t.co/JS6fE28ppt	article	2
3088414	https://t.co/8aGpLa9Vzd	article	2
3088197	https://t.co/p9U6mtmpyP	article	1
3088193	https://t.co/LIWIhuyuZW	article	3
3088148	https://t.co/UMnOkng2M8	article	2
3088129	https://t.co/H87bp1IzKs	article	3
3088103	https://t.co/zTpPVIVbUO	article	2
3088080	https://t.co/wrw0FaMCxi	article	2
3088067	https://t.co/A1vLxNDt13	article	1
3088052	https://t.co/xiECLQvFEZ	article	2
3087916	https://t.co/zp1LnBp8ef	article	2
3087910	https://t.co/ubvWQ21JYB	article	3
3087910	https://t.co/ubvWQ21JYB	article	3
3087906	https://t.co/VXfOLYj4d2	article	3
3087866	https://t.co/NLHMiqYwsR	article	2
3087722	https://t.co/KoCczwU6wb	article	2
3087696	https://t.co/L3VMKtDCLK	article	3
3087601	https://t.co/79HhxwcbY2	article	2
3111102	https://t.co/lh73evRPrQ	article	1
3110954	https://t.co/uAz55nH0yo	article	2
3110882	https://t.co/V6hxuqUuIY	article	3
3110807	https://t.co/EdyIsGXRmY	article	1
3110807	https://t.co/EdyIsGXRmY	article	1
3110807	https://t.co/EdyIsGXRmY	article	1
3110807	https://t.co/EdyIsGXRmY	article	1
3110712	https://t.co/Qcg0kSek72	article	2
3110712	https://t.co/Qcg0kSek72	article	2
3110712	https://t.co/Qcg0kSek72	article	2
3110712	https://t.co/Qcg0kSek72	article	2
3110689	https://t.co/eo4PfHAVSZ	article	3
3110373	https://t.co/7Snpy3SRhK	article	3
3110310	https://t.co/3ivXRlhBwB	article	3
3110310	https://t.co/3ivXRlhBwB	article	3
3110310	https://t.co/3ivXRlhBwB	article	3
3110182	https://t.co/HgOYSNUmSf	article	2
3110138	https://t.co/sV73ND2qaS	article	2
3110048	https://t.co/iGvaWROaui	article	2
3110048	https://t.co/iGvaWROaui	article	2
3110048	https://t.co/iGvaWROaui	article	2
3110004	https://t.co/9U0g16jC9m	article	3
3109813	https://t.co/XIneiRmXsh	article	2
3109813	https://t.co/XIneiRmXsh	article	2
3109808	https://t.co/nR4ZfGqv5I	article	3
3109808	https://t.co/nR4ZfGqv5I	article	3
3109808	https://t.co/nR4ZfGqv5I	article	3
3109625	https://t.co/Au5LpYjUGL	article	2
3109625	https://t.co/Au5LpYjUGL	article	2
3109625	https://t.co/Au5LpYjUGL	article	2
3109371	https://t.co/jQegDmWXYT	article	3
3090657	https://t.co/GF9kg9q4s8	article	1
3087910	https://t.co/ubvWQ21JYB	article	3
3087910	https://t.co/ubvWQ21JYB	article	3
3087089	https://t.co/cSPqPvHZif	article	3
3061924	https://t.co/EPKOhMcLkb	article	3
3084900	https://t.co/vckmKjX77d	article	3
3084736	https://t.co/imMB6hgZHy	article	2
3083755	https://t.co/zgNjvLQRiA	article	2
3083242	https://t.co/kRhyfwqTVZ	article	1
3082724	https://t.co/7afLSH4udH	article	2
3082671	https://t.co/eNQ1Jzuwp9	article	1
3082302	https://t.co/aw6ebATmgy	article	2
3081599	https://t.co/tDroUcY8Fi	article	2
3081299	https://t.co/e5FrRWdNbG	article	2
3080658	https://t.co/mAiaAPminc	article	1
3078557	https://t.co/1rS2YBZY9p	article	0
3077102	https://t.co/pFdl18n8Uu	article	2
3076806	https://t.co/o2ETnDJ8BB	article	1
3075655	https://t.co/iEE9e9a4jV	article	2
3075001	https://t.co/2CmM86gpk4	article	2
3074667	https://t.co/f37s1p7j3w	article	2
3074385	https://t.co/kmnmCL1qyt	article	3
3073826	https://t.co/2eQ2sR82Mx	article	2
3073342	https://t.co/sXGcJw2YIV	article	2
3073342	https://t.co/sXGcJw2YIV	article	2
3071568	https://t.co/dfe6ysD2rQ	article	2
3070994	https://t.co/1PczI4MmqC	article	3
3070755	https://t.co/UGigG662WV	article	2
3070305	https://t.co/7VPqEHJIRy	article	2
3070035	https://t.co/f5Wc4fq6Kl	article	2
3069926	https://t.co/xOSrJbt4iK	article	2
3068179	https://t.co/CJbqmgBLOH	article	1
3068074	https://t.co/V68Lm25y2s	article	1
3066613	https://t.co/6OK64ZN3jj	article	0
3065268	https://t.co/Ht2IDqzIp6	article	1
3065067	https://t.co/kyS6MzZ9r3	article	3
3064611	https://t.co/B5v2ge7wnx	article	3
3063401	https://t.co/WyG2al1JUP	article	3
3062988	https://t.co/JuiCaFwQXN	article	1
3062527	https://t.co/OFEwiTxjR6	article	3
3062527	https://t.co/OFEwiTxjR6	article	3
3062337	https://t.co/m2teN9uGQs	article	2
3062095	https://t.co/yUWNTdMA9y	article	1
3061894	https://t.co/UOirBrrsCB	article	1
3061753	https://t.co/wzWxvMlZmD	article	2
3061538	https://t.co/GEZ89Krr3D	article	2
3061017	https://t.co/k6r6sTkXIg	article	3
3060705	https://t.co/2o0T5gnOVO	article	3
3060673	https://t.co/CmBIGbxCiS	article	2
3062527	https://t.co/OFEwiTxjR6	article	3
3062527	https://t.co/OFEwiTxjR6	article	3
3104011	https://t.co/fNImMqxehE	article	2
3102566	https://t.co/TnNUpzKYDj	article	3
3102238	https://t.co/xVmUKgd00T	article	1
3100037	https://t.co/qFl1phq7d4	article	3
3097361	https://t.co/BOXtOPSdfN	article	3
3097053	https://t.co/DY5eWMuK9I	article	3
3097052	https://t.co/Sh8OMOitqN	article	2
3096920	https://t.co/FBE67ZaYls	article	2
3096911	https://t.co/SmzZpKLevK	article	2
3096522	https://t.co/7hEuZem1eX	article	2
3096179	https://t.co/jNYsxrB80R	article	3
3094712	https://t.co/O0BhuWxipv	article	2
3093690	https://t.co/t4teWYhbhC	article	2
3093522	https://t.co/x8skdh2BMS	article	2
3092538	https://t.co/H6ijNKnPmE	article	2
3092184	https://t.co/eM52BaD8BG	article	3
3091449	https://t.co/2uqGl9iehE	article	2
3091408	https://t.co/re4yexeGHf	article	2
3089834	https://t.co/ZUsTmZNbsj	article	2
3089727	https://t.co/eoGBrGCW6b	article	2
